Name,Coef.,Std. Error,z,Pr(>|z|)
(Intercept),1.7390044237803652,0.20463749282321683,8.497975614286206,1.9292562657524647e-17
PitchAccent,-0.24708661753393557,0.08032418776725046,-3.076117224489097,0.002097153778475785
SemanticFit,0.44734629386337404,0.1522684837264181,2.937878429702659,0.0033046658161259043
TransitivityBias,-0.20841983424195973,0.16072049591513396,-1.2967844148017853,0.1947053746291564
